{"cameraMode":{"drawMode":0,"name":"Shaded","section":"Shading Mode"},"sceneLighting":true,"audioPlay":false,"sceneViewState":{"showFog":true,"showMaterialUpdate":false,"showSkybox":true,"showFlares":true,"showImageEffects":true,"showParticleSystems":true},"in2DMode":false,"pivot":{"x":-1.2727558612823487,"y":1.1349999904632569,"z":4.061779499053955},"rotation":{"x":0.12702354788780213,"y":0.8728641867637634,"z":-0.3405618667602539,"w":0.32556217908859255},"size":9.971819877624512,"orthographic":false}