{"cameraMode":{"drawMode":0,"name":"Shaded","section":"Shading Mode"},"sceneLighting":true,"audioPlay":false,"sceneViewState":{"showFog":true,"showMaterialUpdate":false,"showSkybox":true,"showFlares":true,"showImageEffects":true,"showParticleSystems":true},"in2DMode":false,"pivot":{"x":0.0030601024627685549,"y":-0.3236243724822998,"z":-0.9435806274414063},"rotation":{"x":0.006146324798464775,"y":-0.983425498008728,"z":0.17826440930366517,"w":0.0336323007941246},"size":2.4721274375915529,"orthographic":false}