{"cameraMode":{"drawMode":0,"name":"Shaded","section":"Shading Mode"},"sceneLighting":false,"audioPlay":false,"sceneViewState":{"showFog":true,"showMaterialUpdate":false,"showSkybox":false,"showFlares":true,"showImageEffects":true,"showParticleSystems":true},"in2DMode":false,"pivot":{"x":-12.357999801635743,"y":2.640000104904175,"z":20.86400032043457},"rotation":{"x":-0.026204567402601243,"y":0.09402412176132202,"z":-0.002475287299603224,"w":-0.995246171951294},"size":0.2598072290420532,"orthographic":false}